fragments_h,fragments,count,frequency,MW,CLogP,HBA,HBD,heavy,database,legend
CCC,*C(C)C,55,1.4080901177675371,44.062600256,1.4163,0,0,3,DiaNat-DB,DiaNat-DB = 55 (1.41%)
Oc1ccccc1,*c1ccc(O)cc1,41,1.0496671786994367,94.041864812,1.3922,1,1,7,DiaNat-DB,DiaNat-DB = 41 (1.05%)
CC=O,*CC(*)=O,27,0.6912442396313364,44.026214748,0.2052,1,0,3,DiaNat-DB,DiaNat-DB = 27 (0.69%)
O=CC1CCCN1,*C(=O)C1CCCN1*,24,0.6144393241167435,99.068413908,-0.0626999999999999,2,1,7,DiaNat-DB,DiaNat-DB = 24 (0.61%)
Cc1ccc(O)cc1,*Cc1ccc(O)cc1,24,0.6144393241167435,108.057514876,1.7006199999999998,1,1,8,DiaNat-DB,DiaNat-DB = 24 (0.61%)
Oc1ccccc1O,*c1ccc(O)c(O)c1,23,0.5888376856118792,110.036779432,1.0978,2,2,8,DiaNat-DB,DiaNat-DB = 23 (0.59%)
CC=O,*C(C)=O,22,0.5632360471070148,44.026214748,0.2052,1,0,3,DiaNat-DB,DiaNat-DB = 22 (0.56%)
CO,*OC,21,0.5376344086021506,32.026214748,-0.3915,1,1,2,DiaNat-DB,DiaNat-DB = 21 (0.54%)
O=C(O)C1CCCN1,*N1CCCC1C(=O)O,16,0.409626216077829,115.063328528,-0.177,2,2,8,DiaNat-DB,DiaNat-DB = 16 (0.41%)
Cc1ccc(O)c(O)c1,*Cc1ccc(O)c(O)c1,16,0.409626216077829,124.052429496,1.4062199999999996,2,2,9,DiaNat-DB,DiaNat-DB = 16 (0.41%)
c1ccccc1,*c1ccccc1,13,0.332821300563236,78.046950192,1.6866,0,0,6,DiaNat-DB,DiaNat-DB = 13 (0.33%)
Cc1ccccc1,*Cc1ccccc1,10,0.2560163850486431,92.062600256,1.99502,0,0,7,DiaNat-DB,DiaNat-DB = 10 (0.26%)
Oc1cccc(O)c1O,*c1cc(O)c(O)c(O)c1,8,0.2048131080389145,126.031694052,0.8033999999999997,3,3,9,DiaNat-DB,DiaNat-DB = 8 (0.20%)
Oc1cccc(O)c1,*c1ccc(O)cc1O,8,0.2048131080389145,110.036779432,1.0978,2,2,8,DiaNat-DB,DiaNat-DB = 8 (0.20%)
COc1ccccc1,*c1ccc(OC)cc1,8,0.2048131080389145,108.057514876,1.6952,1,0,8,DiaNat-DB,DiaNat-DB = 8 (0.20%)
O=c1ccoc2cccc(O)c12,*c1cc(O)c2c(=O)cc(*)oc2c1,6,0.1536098310291858,162.031694052,1.4986,3,1,12,DiaNat-DB,DiaNat-DB = 6 (0.15%)
CC(C)CC(N)C=O,*NC(CC(C)C)C(*)=O,6,0.1536098310291858,115.099714036,0.5587000000000001,2,1,8,DiaNat-DB,DiaNat-DB = 6 (0.15%)
CC(N)C=O,*NC(C)C(*)=O,6,0.1536098310291858,73.052763844,-0.4675,2,1,5,DiaNat-DB,DiaNat-DB = 6 (0.15%)
COc1cc(C)ccc1O,*Cc1ccc(O)c(OC)c1,6,0.1536098310291858,138.06807956,1.70922,2,1,10,DiaNat-DB,DiaNat-DB = 6 (0.15%)
CCCCC,*CCCC(*)C,6,0.1536098310291858,72.093900384,2.1965000000000003,0,0,5,DiaNat-DB,DiaNat-DB = 6 (0.15%)
NCC=O,*NCC(*)=O,6,0.1536098310291858,59.03711378,-0.8560000000000001,2,1,4,DiaNat-DB,DiaNat-DB = 6 (0.15%)
O=C/C=C/c1ccc(O)c(O)c1,*C(=O)/C=C/c1ccc(O)c(O)c1,5,0.1280081925243215,164.047344116,1.3098999999999998,3,2,12,DiaNat-DB,DiaNat-DB = 5 (0.13%)
Cc1ccc2c(c1)OCO2,*Cc1ccc2c(c1)OCO2,5,0.1280081925243215,136.052429496,1.72372,2,0,10,DiaNat-DB,DiaNat-DB = 5 (0.13%)
COc1ccccc1O,*c1ccc(O)c(OC)c1,5,0.1280081925243215,124.052429496,1.4008,2,1,9,DiaNat-DB,DiaNat-DB = 5 (0.13%)
NC(Cc1ccccc1)C(=O)O,*NC(Cc1ccccc1)C(=O)O,5,0.1280081925243215,165.078978592,0.641,2,2,12,DiaNat-DB,DiaNat-DB = 5 (0.13%)
NC(C=O)Cc1ccccc1,*NC(Cc1ccccc1)C(*)=O,5,0.1280081925243215,149.084063972,0.7552999999999994,2,1,11,DiaNat-DB,DiaNat-DB = 5 (0.13%)
COc1ccccc1O,*c1ccc(OC)c(O)c1,5,0.1280081925243215,124.052429496,1.4008,2,1,9,DiaNat-DB,DiaNat-DB = 5 (0.13%)
O=c1ccoc2cc(O)ccc12,*c1coc2cc(O)ccc2c1=O,5,0.1280081925243215,162.031694052,1.4986,3,1,12,DiaNat-DB,DiaNat-DB = 5 (0.13%)
CCc1c(C)cc(O)cc1O,*CCc1c(O)cc(O)cc1C*,5,0.1280081925243215,152.083729624,1.96862,2,2,11,DiaNat-DB,DiaNat-DB = 5 (0.13%)
O=C/C=C/c1ccccc1,*C(=O)/C=C/c1ccccc1,5,0.1280081925243215,132.057514876,1.8987,1,0,10,DiaNat-DB,DiaNat-DB = 5 (0.13%)
Cc1ccc(O)cc1O,*Cc1ccc(O)cc1O,5,0.1280081925243215,124.052429496,1.4062199999999998,2,2,9,DiaNat-DB,DiaNat-DB = 5 (0.13%)
NCCCCC(N)C=O,*C(=O)C(N)CCCCN,5,0.1280081925243215,130.110613068,-0.3583999999999995,3,2,9,DiaNat-DB,DiaNat-DB = 5 (0.13%)
CCc1c(O)cc(C)cc1O,*CCc1c(O)cc(C*)cc1O,5,0.1280081925243215,152.083729624,1.96862,2,2,11,DiaNat-DB,DiaNat-DB = 5 (0.13%)
CCC(O)C(C)/C=C(\\C)C=O,*C(C)C(O)C(C)/C=C(\C)C=O,4,0.1024065540194572,156.115029752,1.5386,2,1,11,DiaNat-DB,DiaNat-DB = 4 (0.10%)
Oc1cc(O)c2cc(O)c[o+]c2c1,*c1[o+]c2cc(O)cc(O)c2cc1O,4,0.1024065540194572,179.03388512409,1.8307,3,3,13,DiaNat-DB,DiaNat-DB = 4 (0.10%)
CCC(O)C(C)/C=C(\\C)C(O)C(C)/C=C(\\C)C=O,*C(C)C(O)C(C)/C=C(\C)C(O)C(C)/C=C(\C)C=O,4,0.1024065540194572,254.188194692,2.4819000000000004,3,2,18,DiaNat-DB,DiaNat-DB = 4 (0.10%)
CCC(O)C(C)/C=C(\\C)C(O)C(C)C,*CC(C)C(O)/C(C)=C/C(C)C(O)C(*)C,4,0.1024065540194572,200.177630008,2.3566000000000003,2,2,14,DiaNat-DB,DiaNat-DB = 4 (0.10%)
Cc1cc(O)cc(O)c1,*Cc1cc(O)cc(O)c1,4,0.1024065540194572,124.052429496,1.4062199999999996,2,2,9,DiaNat-DB,DiaNat-DB = 4 (0.10%)
CCC(O)C(C)C,*CC(C)C(O)C(*)C,4,0.1024065540194572,102.104465068,1.4133,1,1,7,DiaNat-DB,DiaNat-DB = 4 (0.10%)
C1CCNCC1,*N1CCCCC1,4,0.1024065540194572,85.08914935199999,0.7599,1,1,6,DiaNat-DB,DiaNat-DB = 4 (0.10%)
CC(N)C(=O)O,*NC(C)C(=O)O,4,0.1024065540194572,89.047678464,-0.5817999999999999,2,2,6,DiaNat-DB,DiaNat-DB = 4 (0.10%)
CCC=O,*C(C)C=O,4,0.1024065540194572,58.041864812,0.5952999999999999,1,0,4,DiaNat-DB,DiaNat-DB = 4 (0.10%)
Cc1cccc(O)c1C=O,*C(=O)c1c(C)cc(*)cc1O,4,0.1024065540194572,136.052429496,1.5131199999999998,2,1,10,DiaNat-DB,DiaNat-DB = 4 (0.10%)
Cc1cc(O)cc(O)c1C=O,*Oc1cc(C)c(C(*)=O)c(O)c1,4,0.1024065540194572,152.047344116,1.2187199999999998,3,2,11,DiaNat-DB,DiaNat-DB = 4 (0.10%)
C[C]1CC(C)=CC(=O)O1,*C[C]1CC(C)=CC(=O)O1,4,0.1024065540194572,125.060254528,1.43149,2,0,9,DiaNat-DB,DiaNat-DB = 4 (0.10%)
CCC(C)C(N)C=O,*C(=O)C(N)C(C)CC,4,0.1024065540194572,115.099714036,0.5587000000000001,2,1,8,DiaNat-DB,DiaNat-DB = 4 (0.10%)
CCCC,*CCCC,4,0.1024065540194572,58.07825032,1.8064,0,0,4,DiaNat-DB,DiaNat-DB = 4 (0.10%)
CC(C)CC(N)C=O,*C(=O)C(N)CC(C)C,4,0.1024065540194572,115.099714036,0.5587000000000001,2,1,8,DiaNat-DB,DiaNat-DB = 4 (0.10%)
CC(=O)O,*CC(=O)O,3,0.0768049155145929,60.021129368,0.0908999999999999,1,1,4,DiaNat-DB,DiaNat-DB = 3 (0.08%)
CC(C)=CCc1c(C)cc(O)cc1O,*Cc1cc(O)cc(O)c1CC=C(C)C,3,0.0768049155145929,192.115029752,2.9149200000000017,2,2,14,DiaNat-DB,DiaNat-DB = 3 (0.08%)
O=Cc1ccccc1,*C(=O)c1ccccc1,3,0.0768049155145929,106.041864812,1.4991,1,0,8,DiaNat-DB,DiaNat-DB = 3 (0.08%)
CCc1ccc(O)c(O)c1,*CCc1ccc(O)c(O)c1,3,0.0768049155145929,138.06807956,1.6602,2,2,10,DiaNat-DB,DiaNat-DB = 3 (0.08%)
CC(=O)N1CCCCC1,*CC(=O)N1CCCCC1,3,0.0768049155145929,127.099714036,1.0188,1,0,9,DiaNat-DB,DiaNat-DB = 3 (0.08%)
C/C=C(\\C)C=O,*C(=O)/C(C)=C/C,3,0.0768049155145929,84.057514876,1.1515,1,0,6,DiaNat-DB,DiaNat-DB = 3 (0.08%)
NCCCCC(N)C=O,*NC(CCCCN)C(*)=O,3,0.0768049155145929,130.110613068,-0.3583999999999995,3,2,9,DiaNat-DB,DiaNat-DB = 3 (0.08%)
Oc1cc(O)c2ccc[o+]c2c1,*c1cc2c(O)cc(O)cc2[o+]c1*,3,0.0768049155145929,163.03897050409,2.1251,2,2,12,DiaNat-DB,DiaNat-DB = 3 (0.08%)
NC(C=O)Cc1c[nH]cn1,*NC(Cc1c[nH]cn1)C(*)=O,3,0.0768049155145929,139.074561908,-0.5216000000000007,3,2,10,DiaNat-DB,DiaNat-DB = 3 (0.08%)
CC(=O)COC(C)=O,*CC(=O)COC(=O)C*,3,0.0768049155145929,116.047344116,0.1385,3,0,8,DiaNat-DB,DiaNat-DB = 3 (0.08%)
O=C/C=C/c1ccc(O)cc1,*C(=O)/C=C/c1ccc(O)cc1,3,0.0768049155145929,148.052429496,1.6042999999999998,2,1,11,DiaNat-DB,DiaNat-DB = 3 (0.08%)
Oc1ccccc1,*c1ccccc1O,3,0.0768049155145929,94.041864812,1.3922,1,1,7,DiaNat-DB,DiaNat-DB = 3 (0.08%)
COc1ccc(C)cc1O,*Cc1ccc(OC)c(O)c1,3,0.0768049155145929,138.06807956,1.70922,2,1,10,DiaNat-DB,DiaNat-DB = 3 (0.08%)
Cc1ccccc1,*Cc1ccc(*)cc1,3,0.0768049155145929,92.062600256,1.99502,0,0,7,DiaNat-DB,DiaNat-DB = 3 (0.08%)
CC(=O)CC(C)=O,*CC(=O)CC(=O)C*,3,0.0768049155145929,100.052429496,0.5545,2,0,7,DiaNat-DB,DiaNat-DB = 3 (0.08%)
COc1cc(/C=C/C=O)ccc1O,*C(=O)/C=C/c1ccc(O)c(OC)c1,3,0.0768049155145929,178.06299418,1.6129,3,1,13,DiaNat-DB,DiaNat-DB = 3 (0.08%)
CC(=O)CO,*CC(=O)CO*,3,0.0768049155145929,74.036779432,-0.4322999999999999,2,1,5,DiaNat-DB,DiaNat-DB = 3 (0.08%)
COc1cc(/C=C/C(C)=O)ccc1O,*CC(=O)/C=C/c1ccc(O)c(OC)c1,3,0.0768049155145929,192.078644244,2.003,3,1,14,DiaNat-DB,DiaNat-DB = 3 (0.08%)
CC(C)=O,*CC(=O)C*,3,0.0768049155145929,58.041864812,0.5952999999999999,1,0,4,DiaNat-DB,DiaNat-DB = 3 (0.08%)
CC(C)CC(N)C(=O)O,*NC(CC(C)C)C(=O)O,3,0.0768049155145929,131.094628656,0.4443999999999999,2,2,9,DiaNat-DB,DiaNat-DB = 3 (0.08%)
NC(=O)CCC(N)C=O,*NC(CCC(N)=O)C(*)=O,3,0.0768049155145929,130.07422756,-1.2219000000000004,3,2,9,DiaNat-DB,DiaNat-DB = 3 (0.08%)
NC(=O)CCC(N)C(=O)O,*NC(CCC(N)=O)C(=O)O,3,0.0768049155145929,146.06914218,-1.3361999999999998,3,3,10,DiaNat-DB,DiaNat-DB = 3 (0.08%)
NC(=O)CCC(N)C=O,*C(=O)C(N)CCC(N)=O,3,0.0768049155145929,130.07422756,-1.2219000000000004,3,2,9,DiaNat-DB,DiaNat-DB = 3 (0.08%)
COc1cc(C)c(C=O)c(O)c1,*C(=O)c1c(C)cc(OC)cc1O,2,0.0512032770097286,166.06299418,1.52172,3,1,12,DiaNat-DB,DiaNat-DB = 2 (0.05%)
O=CC=Cc1ccc(O)c(O)c1,*C(=O)C=Cc1ccc(O)c(O)c1,2,0.0512032770097286,164.047344116,1.3098999999999998,3,2,12,DiaNat-DB,DiaNat-DB = 2 (0.05%)
CC(=O)c1ccc(O)cc1O,*CC(=O)c1ccc(O)cc1O,2,0.0512032770097286,152.047344116,1.3003999999999998,3,2,11,DiaNat-DB,DiaNat-DB = 2 (0.05%)
Oc1cccc(O)c1,*c1cc(O)cc(O)c1,2,0.0512032770097286,110.036779432,1.0978,2,2,8,DiaNat-DB,DiaNat-DB = 2 (0.05%)
CCc1c(O)ccc2c1OCC2=O,*CCc1c(O)ccc2c1OC(*)C2=O,2,0.0512032770097286,178.06299418,1.5297,3,1,13,DiaNat-DB,DiaNat-DB = 2 (0.05%)
C/C=C/C(=O)N1CCCCC1,*C/C=C/C(=O)N1CCCCC1,2,0.0512032770097286,153.1153641,1.5750000000000002,1,0,11,DiaNat-DB,DiaNat-DB = 2 (0.05%)
CCCC,*CCCC*,2,0.0512032770097286,58.07825032,1.8064,0,0,4,DiaNat-DB,DiaNat-DB = 2 (0.05%)
COc1cc(C)c(C=O)c(OC)c1,*C(=O)c1c(C)cc(OC)cc1OC,2,0.0512032770097286,180.078644244,1.82472,3,0,13,DiaNat-DB,DiaNat-DB = 2 (0.05%)
CC(C)=CCc1c(O)ccc2c1OCC2=O,*C1Oc2c(ccc(O)c2CC=C(C)C)C1=O,2,0.0512032770097286,218.094294308,2.476000000000001,3,1,16,DiaNat-DB,DiaNat-DB = 2 (0.05%)
C=C(C=O)CO,*C(=O)C(=C)CO,2,0.0512032770097286,86.036779432,-0.2662,2,1,6,DiaNat-DB,DiaNat-DB = 2 (0.05%)
Cc1cccc(O)c1C(=O)NC(C)C(=O)O,*c1cc(C)c(C(=O)NC(C)C(=O)O)c(O)c1,2,0.0512032770097286,223.084457896,0.90352,3,3,16,DiaNat-DB,DiaNat-DB = 2 (0.05%)
Cc1cccc(O)c1C(=O)NC(C)C=O,*C(=O)C(C)NC(=O)c1c(C)cc(*)cc1O,2,0.0512032770097286,207.089543276,1.01782,3,2,15,DiaNat-DB,DiaNat-DB = 2 (0.05%)
COc1ccc(C)cc1,*Cc1ccc(OC)cc1,2,0.0512032770097286,122.07316494,2.00362,1,0,9,DiaNat-DB,DiaNat-DB = 2 (0.05%)
CCCCCC,*CCCCCC*,2,0.0512032770097286,86.109550448,2.5866000000000007,0,0,6,DiaNat-DB,DiaNat-DB = 2 (0.05%)
CCCCC/C=C/C=O,*CCCCC/C=C/C(*)=O,2,0.0512032770097286,126.104465068,2.3218000000000005,1,0,9,DiaNat-DB,DiaNat-DB = 2 (0.05%)
C/C=C/C=O,*C/C=C/C(*)=O,2,0.0512032770097286,70.041864812,0.7614000000000001,1,0,5,DiaNat-DB,DiaNat-DB = 2 (0.05%)
COC(C)=O,*CC(=O)OC,2,0.0512032770097286,74.036779432,0.1793,2,0,5,DiaNat-DB,DiaNat-DB = 2 (0.05%)
CC(C)=CC=O,*C(=O)C=C(C)C,2,0.0512032770097286,84.057514876,1.1515,1,0,6,DiaNat-DB,DiaNat-DB = 2 (0.05%)
CC(C)CC(N)C(=O)NC(C)C=O,*NC(CC(C)C)C(=O)NC(C)C(*)=O,2,0.0512032770097286,186.136827816,0.0633999999999996,3,2,13,DiaNat-DB,DiaNat-DB = 2 (0.05%)
CC(N)C(=O)N1CCCC1C=O,*NC(C)C(=O)N1CCCC1C(*)=O,2,0.0512032770097286,170.105527688,-0.4764999999999999,3,1,12,DiaNat-DB,DiaNat-DB = 2 (0.05%)
CC(N)C(=O)N1CCCC1C(=O)O,*NC(C)C(=O)N1CCCC1C(=O)O,2,0.0512032770097286,186.100442308,-0.5907999999999995,3,2,13,DiaNat-DB,DiaNat-DB = 2 (0.05%)
NCC=O,*C(=O)CN,2,0.0512032770097286,59.03711378,-0.8560000000000001,2,1,4,DiaNat-DB,DiaNat-DB = 2 (0.05%)
NCCCCC(N)C(=O)O,*NC(CCCCN)C(=O)O,2,0.0512032770097286,146.105527688,-0.4726999999999995,3,3,10,DiaNat-DB,DiaNat-DB = 2 (0.05%)
O=CCNC(=O)C1CCCN1,*C(=O)CNC(=O)C1CCCN1*,2,0.0512032770097286,156.089877624,-0.9465,3,2,11,DiaNat-DB,DiaNat-DB = 2 (0.05%)
O=C(O)C(Cc1ccccc1)NC(=O)C1CCCN1,*N1CCCC1C(=O)NC(Cc1ccccc1)C(=O)O,2,0.0512032770097286,262.131742436,0.5504999999999998,3,3,19,DiaNat-DB,DiaNat-DB = 2 (0.05%)
O=CC(Cc1ccccc1)NC(=O)C1CCCN1,*C(=O)C(Cc1ccccc1)NC(=O)C1CCCN1*,2,0.0512032770097286,246.136827816,0.6648,3,2,18,DiaNat-DB,DiaNat-DB = 2 (0.05%)
NCC(=O)O,*NCC(=O)O,2,0.0512032770097286,75.0320284,-0.9703,2,2,5,DiaNat-DB,DiaNat-DB = 2 (0.05%)
NC(C=O)CO,*NC(CO)C(*)=O,2,0.0512032770097286,89.047678464,-1.4951000000000003,3,2,6,DiaNat-DB,DiaNat-DB = 2 (0.05%)
CC(C)CC(C=O)NC(=O)CN,*NCC(=O)NC(CC(C)C)C(*)=O,2,0.0512032770097286,172.121177752,-0.3250999999999992,3,2,12,DiaNat-DB,DiaNat-DB = 2 (0.05%)
CCO,*CCO,2,0.0512032770097286,46.041864812,-0.0014,1,1,3,DiaNat-DB,DiaNat-DB = 2 (0.05%)
CC(C)=CCc1c(O)cc(C)cc1O,*Cc1cc(O)c(CC=C(C)C)c(O)c1,2,0.0512032770097286,192.115029752,2.9149200000000017,2,2,14,DiaNat-DB,DiaNat-DB = 2 (0.05%)
CC(C)(C)O,*CC(C)(C)O,2,0.0512032770097286,74.07316494,0.7771999999999999,1,1,5,DiaNat-DB,DiaNat-DB = 2 (0.05%)
Cc1cccc(O)c1,*Cc1cc(*)cc(O)c1,2,0.0512032770097286,108.057514876,1.7006199999999998,1,1,8,DiaNat-DB,DiaNat-DB = 2 (0.05%)
Oc1ccccc1,*c1ccc(O)c(*)c1,2,0.0512032770097286,94.041864812,1.3922,1,1,7,DiaNat-DB,DiaNat-DB = 2 (0.05%)
NC(C=O)Cc1ccc(O)cc1,*NC(Cc1ccc(O)cc1)C(*)=O,2,0.0512032770097286,165.078978592,0.4608999999999996,3,2,12,DiaNat-DB,DiaNat-DB = 2 (0.05%)
NC(C=O)CO,*C(=O)C(N)CO,2,0.0512032770097286,89.047678464,-1.4951000000000003,3,2,6,DiaNat-DB,DiaNat-DB = 2 (0.05%)
CC(C)CC(N)C(=O)N1CCCC1C=O,*C(=O)C1CCCN1C(=O)C(N)CC(C)C,2,0.0512032770097286,212.15247788,0.5496999999999996,3,1,15,DiaNat-DB,DiaNat-DB = 2 (0.05%)
CSCCC(N)C=O,*C(=O)C(N)CCSC,2,0.0512032770097286,133.056134972,0.2656999999999999,3,1,8,DiaNat-DB,DiaNat-DB = 2 (0.05%)
O=C[C]1CCCN1,*C(=O)[C]1CCCN1*,2,0.0512032770097286,98.060588876,0.10069,2,1,7,DiaNat-DB,DiaNat-DB = 2 (0.05%)
CC(C)C[C](N)C=O,*N[C](CC(C)C)C(*)=O,2,0.0512032770097286,114.091889004,0.72209,2,1,8,DiaNat-DB,DiaNat-DB = 2 (0.05%)
CC(C)C[C](N)C(=O)O,*N[C](CC(C)C)C(=O)O,2,0.0512032770097286,130.086803624,0.6077899999999998,2,2,9,DiaNat-DB,DiaNat-DB = 2 (0.05%)
CC(C)C,*CC(C)C,2,0.0512032770097286,58.07825032,1.6623,0,0,4,DiaNat-DB,DiaNat-DB = 2 (0.05%)
c1ccccc1,*c1ccc(*)cc1,2,0.0512032770097286,78.046950192,1.6866,0,0,6,DiaNat-DB,DiaNat-DB = 2 (0.05%)
Oc1ccc2ccoc2c1,*c1cc2ccc(O)cc2o1,2,0.0512032770097286,134.036779432,2.1384,2,1,10,DiaNat-DB,DiaNat-DB = 2 (0.05%)
COc1cc(C)oc(=O)c1,*Cc1cc(OC)cc(=O)o1,2,0.0512032770097286,140.047344116,0.95682,3,0,10,DiaNat-DB,DiaNat-DB = 2 (0.05%)
CCc1c(O)ccc(C(C)=O)c1O,*CCc1c(O)ccc(C(=O)C*)c1O,2,0.0512032770097286,180.078644244,1.8628000000000005,3,2,13,DiaNat-DB,DiaNat-DB = 2 (0.05%)
CC(=O)c1ccc(O)c(CC=C(C)C)c1O,*CC(=O)c1ccc(O)c(CC=C(C)C)c1O,2,0.0512032770097286,220.109944372,2.8091000000000013,3,2,16,DiaNat-DB,DiaNat-DB = 2 (0.05%)
COc1cc(/C=C/c2ccccc2)oc(=O)c1,*c1ccc(/C=C/c2cc(OC)cc(=O)o2)cc1,2,0.0512032770097286,228.078644244,2.8188000000000004,3,0,17,DiaNat-DB,DiaNat-DB = 2 (0.05%)
C=C[C]1[CH]OC=C2[C]1CCOC2=O,*[C@]1OC=C2C(=O)OCC[C]2[C@@]1C=C,2,0.0512032770097286,177.055169148,1.34417,3,0,13,DiaNat-DB,DiaNat-DB = 2 (0.05%)
Oc1ccccc1,*c1cccc(O)c1,2,0.0512032770097286,94.041864812,1.3922,1,1,7,DiaNat-DB,DiaNat-DB = 2 (0.05%)
O=Cc1ccc(O)cc1O,*C(=O)c1c(*)cc(O)cc1O,2,0.0512032770097286,138.031694052,0.9102999999999996,3,2,10,DiaNat-DB,DiaNat-DB = 2 (0.05%)
CC(=O)CC(=O)/C=C/c1ccc(O)cc1,*CC(=O)CC(=O)/C=C/c1ccc(O)cc1,2,0.0512032770097286,204.078644244,1.9536,3,1,15,DiaNat-DB,DiaNat-DB = 2 (0.05%)
C=C(C)C=O,*C(=O)C(=C)C,2,0.0512032770097286,70.041864812,0.7614,1,0,5,DiaNat-DB,DiaNat-DB = 2 (0.05%)
CCCCCCC=O,*CCCCCCC(*)=O,2,0.0512032770097286,114.104465068,2.1557000000000004,1,0,8,DiaNat-DB,DiaNat-DB = 2 (0.05%)
O=C[C]1CCC=C(C(=O)O)N1,*C(=O)[C]1CC(*)C=C(C(=O)O)N1,1,0.0256016385048643,154.050418116,0.0691899999999998,3,2,11,DiaNat-DB,DiaNat-DB = 1 (0.03%)
C/C=[N+]1/[C](C(=O)[O-])Cc2ccc(O)cc21,*C/C=[N+]1/[C](C(=O)[O-])Cc2cc(*)c(O)cc21,1,0.0256016385048643,204.06606818,-0.0351100000000003,3,1,15,DiaNat-DB,DiaNat-DB = 1 (0.03%)
O=C[C]1CCC=C(C=O)N1,*C(=O)[C]1CC(*)C=C(C(*)=O)N1,1,0.0256016385048643,138.055503496,0.18349,3,1,10,DiaNat-DB,DiaNat-DB = 1 (0.03%)
CCC/C(C)=C/CO,*CCC/C(C)=C/CO,1,0.0256016385048643,114.104465068,1.7251,1,1,8,DiaNat-DB,DiaNat-DB = 1 (0.03%)
O=CC1=CCC[C](C(=O)O)N1,*C(=O)C1=CC(*)C[C](C(=O)O)N1,1,0.0256016385048643,154.050418116,0.0691899999999998,3,2,11,DiaNat-DB,DiaNat-DB = 1 (0.03%)
OC[C@]1O[CH][CH][CH][C@@]1O,*[C@]1O[C@@](CO)[C@](O)[C@@](*)[C@]1*,1,0.0256016385048643,127.039519084,0.0157499999999998,3,2,9,DiaNat-DB,DiaNat-DB = 1 (0.03%)
COc1cc(OC)c(OC)cc1C,*Cc1cc(OC)c(OC)cc1OC,1,0.0256016385048643,182.094294308,2.02082,3,0,13,DiaNat-DB,DiaNat-DB = 1 (0.03%)
O=Cc1ccc(O)c(O)c1,*C(=O)c1ccc(O)c(O)c1,1,0.0256016385048643,138.031694052,0.9103,3,2,10,DiaNat-DB,DiaNat-DB = 1 (0.03%)
O=C(O)[C]1CCC=C(C(=O)O)N1,*C1C=C(C(=O)O)N[C](C(=O)O)C1,1,0.0256016385048643,170.045332736,-0.0451099999999999,3,3,12,DiaNat-DB,DiaNat-DB = 1 (0.03%)
CCc1c(OC)ccc2ccc(=O)oc12,*CCc1c(OC)ccc2ccc(=O)oc12,1,0.0256016385048643,204.078644244,2.364,3,0,15,DiaNat-DB,DiaNat-DB = 1 (0.03%)
CCc1c(O)ccc2ccc(=O)oc12,*CCc1c(O)ccc2ccc(=O)oc12,1,0.0256016385048643,190.06299418,2.061,3,1,14,DiaNat-DB,DiaNat-DB = 1 (0.03%)
OC[C@]1OC[CH][CH][C@@]1O,*C1O[C@](CO)[C@@](O)[C@](*)[C@@]1*,1,0.0256016385048643,128.047344116,-0.1460400000000002,3,2,9,DiaNat-DB,DiaNat-DB = 1 (0.03%)
C/C=C/CCC,*C/C=C/CCC*,1,0.0256016385048643,84.093900384,2.3626000000000005,0,0,6,DiaNat-DB,DiaNat-DB = 1 (0.03%)
CCC/C=C/C=C/C=O,*CCC/C=C/C=C/C(*)=O,1,0.0256016385048643,124.088815004,2.0978,1,0,9,DiaNat-DB,DiaNat-DB = 1 (0.03%)
CCC/C=C/C=C/C(=O)N1CCCCC1,*CCC/C=C/C=C/C(=O)N1CCCCC1,1,0.0256016385048643,207.162314292,2.9114000000000013,1,0,15,DiaNat-DB,DiaNat-DB = 1 (0.03%)
C=C1[C]2[C](O)CC(C)=C3CC=C(C)[C]3[C]2OC1=O,*CC1=CCC2=C(C)C[C](O)[C]3[C](OC(=O)C3=C)[C]12,1,0.0256016385048643,242.094294308,2.755060000000001,3,1,18,DiaNat-DB,DiaNat-DB = 1 (0.03%)
CC1=CCC2=C(C)C[C@](O)[C]3[C](OC(=O)[C@@]3C)[C]12,*CC1=CCC2=C(C)C[C@](O)[C]3[C](OC(=O)[C@@]3C)[C]12,1,0.0256016385048643,243.10211934,2.7932500000000005,3,1,18,DiaNat-DB,DiaNat-DB = 1 (0.03%)
CC(C)C(N)C(=O)O,*NC(C(=O)O)C(C)C,1,0.0256016385048643,117.078978592,0.0543,2,2,8,DiaNat-DB,DiaNat-DB = 1 (0.03%)
Cc1cccc(O)c1C(=O)NC(C=O)C(C)C,*C(=O)C(NC(=O)c1c(C)cc(*)cc1O)C(C)C,1,0.0256016385048643,235.120843404,1.6539199999999998,3,2,17,DiaNat-DB,DiaNat-DB = 1 (0.03%)
CC(C)C(N)C=O,*NC(C(*)=O)C(C)C,1,0.0256016385048643,101.084063972,0.1685999999999999,2,1,7,DiaNat-DB,DiaNat-DB = 1 (0.03%)
Cc1cccc(O)c1C(=O)NC(C(=O)O)C(C)C,*c1cc(C)c(C(=O)NC(C(=O)O)C(C)C)c(O)c1,1,0.0256016385048643,251.115758024,1.5396199999999998,3,3,18,DiaNat-DB,DiaNat-DB = 1 (0.03%)
Cc1cc(O)cc(O)c1C(=O)O,*Oc1cc(C)c(C(=O)O)c(O)c1,1,0.0256016385048643,168.042258736,1.1044199999999995,3,3,12,DiaNat-DB,DiaNat-DB = 1 (0.03%)
Cc1cccc(O)c1C(=O)O,*c1cc(C)c(C(=O)O)c(O)c1,1,0.0256016385048643,152.047344116,1.3988199999999995,2,2,11,DiaNat-DB,DiaNat-DB = 1 (0.03%)
Cc1cc(O)ccc1O,*Cc1cc(O)ccc1O,1,0.0256016385048643,124.052429496,1.4062199999999998,2,2,9,DiaNat-DB,DiaNat-DB = 1 (0.03%)
CC1(C)CCc2c(ccc3c2OCC3=O)O1,*C1Oc2c(ccc3c2CCC(C)(C)O3)C1=O,1,0.0256016385048643,218.094294308,2.3652999999999995,3,0,16,DiaNat-DB,DiaNat-DB = 1 (0.03%)
CCCCC/C=C/C(=O)NCC(C)C,*CCCCC/C=C/C(=O)NCC(C)C,1,0.0256016385048643,197.177964356,2.895100000000001,1,1,14,DiaNat-DB,DiaNat-DB = 1 (0.03%)
C/C=C\\CCC,*C/C=C\CCC*,1,0.0256016385048643,84.093900384,2.3626000000000005,0,0,6,DiaNat-DB,DiaNat-DB = 1 (0.03%)
CCC/C=C\\C=C\\C=O,*CCC/C=C\C=C\C(*)=O,1,0.0256016385048643,124.088815004,2.0978,1,0,9,DiaNat-DB,DiaNat-DB = 1 (0.03%)
CCC/C=C\\C=C\\C(=O)N1CCCCC1,*CCC/C=C\C=C\C(=O)N1CCCCC1,1,0.0256016385048643,207.162314292,2.9114000000000013,1,0,15,DiaNat-DB,DiaNat-DB = 1 (0.03%)
CCCCCCCC=O,*CCCCCCCC(*)=O,1,0.0256016385048643,128.120115132,2.5458000000000007,1,0,9,DiaNat-DB,DiaNat-DB = 1 (0.03%)
CC(=O)NCC(C)C,*CC(=O)NCC(C)C,1,0.0256016385048643,115.099714036,0.7785,1,1,8,DiaNat-DB,DiaNat-DB = 1 (0.03%)
CCCCc1cc(=O)c2ccccc2n1C,*CCCCc1cc(=O)c2ccccc2n1C,1,0.0256016385048643,215.131014164,2.881100000000001,2,0,16,DiaNat-DB,DiaNat-DB = 1 (0.03%)
CCCCC,*CCCCC,1,0.0256016385048643,72.093900384,2.1965000000000003,0,0,5,DiaNat-DB,DiaNat-DB = 1 (0.03%)
CC/C=C\\CC,*CC/C=C\CC,1,0.0256016385048643,84.093900384,2.3626000000000005,0,0,6,DiaNat-DB,DiaNat-DB = 1 (0.03%)
CCCCCC,*CCCCCC,1,0.0256016385048643,86.109550448,2.5866000000000007,0,0,6,DiaNat-DB,DiaNat-DB = 1 (0.03%)
CC(C)CN,*NCC(C)C,1,0.0256016385048643,73.08914935199999,0.6011000000000001,1,1,5,DiaNat-DB,DiaNat-DB = 1 (0.03%)
O=C[CH]Cc1ccc(O)c(O)c1,*[C](Cc1ccc(O)c(O)c1)C(*)=O,1,0.0256016385048643,165.055169148,1.0434899999999998,3,2,12,DiaNat-DB,DiaNat-DB = 1 (0.03%)
O=C(O)[CH]Cc1ccc(O)c(O)c1,*[C](Cc1ccc(O)c(O)c1)C(=O)O,1,0.0256016385048643,181.050083768,0.92919,3,3,13,DiaNat-DB,DiaNat-DB = 1 (0.03%)
CC1=CC(=O)CC(C)(C)[C@]1(C)O,*C[C@@]1(O)C(C)=CC(=O)CC1(C)C,1,0.0256016385048643,168.115029752,1.6827,2,1,12,DiaNat-DB,DiaNat-DB = 1 (0.03%)
C[CH]C,*C[C](*)C,1,0.0256016385048643,43.054775224,1.23049,0,0,3,DiaNat-DB,DiaNat-DB = 1 (0.03%)
C[CH]/C=C/[C@@]1(O)C(C)=CC(=O)CC1(C)C,*[C](C)/C=C/[C@@]1(O)C(C)=CC(=O)CC1(C)C,1,0.0256016385048643,207.138504848,2.4431900000000004,2,1,15,DiaNat-DB,DiaNat-DB = 1 (0.03%)
CC1(C)O[C@@]23[C@](C)C[C@](O)[CH][C@@]2(C)[CH]C[C]1[C@@]3O,*C[C@]12[C@](*)C[C]3[C@@](O*)[C@]1(OC3(C)C)[C@](C)C[C@](O)[C@]2*,1,0.0256016385048643,248.1412445,2.734140000000001,3,2,18,DiaNat-DB,DiaNat-DB = 1 (0.03%)
CC1(C)O[C@]23[CH][C]1C[CH][C@]2(C)[C@](O)[C@](O)C[C@]3C,*C[C@]12[C@](*)C[C]3[C@@](*)[C@]1(OC3(C)C)[C@](C)C[C@](O)[C@]2O*,1,0.0256016385048643,248.1412445,2.734140000000001,3,2,18,DiaNat-DB,DiaNat-DB = 1 (0.03%)
CC1(C)O[C@]23[CH][C]1C[CH][C@]2(CO)[CH][C@](O)C[C@]3C,*OC[C@]12[C@](*)C[C]3[C@@](*)[C@]1(OC3(C)C)[C@](C)C[C@](O)[C@]2*,1,0.0256016385048643,248.1412445,2.00634,3,2,18,DiaNat-DB,DiaNat-DB = 1 (0.03%)
CC(N)C(=O)O,*CC(N)C(=O)O,1,0.0256016385048643,89.047678464,-0.5817999999999999,2,2,6,DiaNat-DB,DiaNat-DB = 1 (0.03%)
CC(=O)c1ccc(O)cc1O,*c1cc(O)cc(O)c1C(C)=O,1,0.0256016385048643,152.047344116,1.3003999999999998,3,2,11,DiaNat-DB,DiaNat-DB = 1 (0.03%)
O=c1cc[nH]cc1O,*n1ccc(=O)c(O)c1,1,0.0256016385048643,111.0320284,0.0805,2,2,8,DiaNat-DB,DiaNat-DB = 1 (0.03%)
CC(N)C=O,*CC(N)C(*)=O,1,0.0256016385048643,73.052763844,-0.4675,2,1,5,DiaNat-DB,DiaNat-DB = 1 (0.03%)
C=CC(=O)O,*C(=C)C(=O)O,1,0.0256016385048643,72.021129368,0.2569999999999999,1,1,5,DiaNat-DB,DiaNat-DB = 1 (0.03%)
O=C(O)CCc1ccc(O)c(O)c1,*C(Cc1ccc(O)c(O)c1)C(=O)O,1,0.0256016385048643,182.0579088,1.115,3,3,13,DiaNat-DB,DiaNat-DB = 1 (0.03%)
COc1c(O)cccc1O,*c1cc(O)c(OC)c(O)c1,1,0.0256016385048643,140.047344116,1.1063999999999996,3,2,10,DiaNat-DB,DiaNat-DB = 1 (0.03%)
C=C(C=O)NC1CC1,*C(=O)C(=C)NC1CC1,1,0.0256016385048643,111.068413908,0.4509999999999999,2,1,8,DiaNat-DB,DiaNat-DB = 1 (0.03%)
C1CC1,*C1CC1,1,0.0256016385048643,42.046950192,1.1703,0,0,3,DiaNat-DB,DiaNat-DB = 1 (0.03%)
C=CC=O,*C(=C)C(*)=O,1,0.0256016385048643,56.026214748,0.3712999999999999,1,0,4,DiaNat-DB,DiaNat-DB = 1 (0.03%)
C[C@]1O[CH][C@](O)[CH][C@@]1O,*C[C@]1O[C@@](*)[C@](O)[C@@](*)[C@@]1O*,1,0.0256016385048643,127.039519084,0.74355,3,2,9,DiaNat-DB,DiaNat-DB = 1 (0.03%)
C[C@]1[CH][CH][C@](O)[CH]O1,*C[C@]1O[C@@](*)[C@](O)[C@@](*)[C@@]1*,1,0.0256016385048643,111.044604464,1.04335,2,1,8,DiaNat-DB,DiaNat-DB = 1 (0.03%)
COC1CCOC(C)C1O,*C1CC(OC)C(O)C(C)O1,1,0.0256016385048643,146.094294308,0.1710999999999998,3,1,10,DiaNat-DB,DiaNat-DB = 1 (0.03%)
C[C@@]12[C]3O[C@]4(C)C[C@](O)(O3)[C]1C[C@@H]24,*C[C@@]12[C]3O[C@]4(C)C[C@](O)(O3)[C]1C[C@@]24*,1,0.0256016385048643,180.078644244,0.98798,3,1,13,DiaNat-DB,DiaNat-DB = 1 (0.03%)
O[C]1[CH][CH][CH]OC1,*[C@]1OC[C@](O)[C@@](*)[C@]1*,1,0.0256016385048643,98.036779432,0.49146,2,1,7,DiaNat-DB,DiaNat-DB = 1 (0.03%)
CC1CC(OC(=O)/C=C/c2ccccc2)CCO1,*C1OC(C)C(*)C(OC(=O)/C=C/c2ccccc2)C1*,1,0.0256016385048643,246.125594436,2.810500000000001,3,0,18,DiaNat-DB,DiaNat-DB = 1 (0.03%)
CC(=O)OC1CCOC(C)C1,*CC(=O)OC1C(*)C(*)OC(C)C1*,1,0.0256016385048643,158.094294308,1.117,3,0,11,DiaNat-DB,DiaNat-DB = 1 (0.03%)
CC(=O)OC1CCCOC1C,*C1OC(C)C(OC(C)=O)C(*)C1*,1,0.0256016385048643,158.094294308,1.117,3,0,11,DiaNat-DB,DiaNat-DB = 1 (0.03%)
CC(=O)OC1CCC(C)OC1,*C1OC(C)C(*)C(*)C1OC(C)=O,1,0.0256016385048643,158.094294308,1.117,3,0,11,DiaNat-DB,DiaNat-DB = 1 (0.03%)
CC1CC(O)CCO1,*OC1C(*)C(*)OC(C)C1*,1,0.0256016385048643,116.083729624,0.5462,2,1,8,DiaNat-DB,DiaNat-DB = 1 (0.03%)
CC1CCCCO1,*C1OC(C)C(*)C(*)C1*,1,0.0256016385048643,100.088815004,1.5754,1,0,7,DiaNat-DB,DiaNat-DB = 1 (0.03%)
CC[C](C)C(C)C,*C[C](CC)C(C)C,1,0.0256016385048643,99.11737548,2.646790000000001,0,0,7,DiaNat-DB,DiaNat-DB = 1 (0.03%)
Cc1cc(O)c(O)c(O)c1,*Cc1cc(O)c(O)c(O)c1,1,0.0256016385048643,140.047344116,1.1118199999999998,3,3,10,DiaNat-DB,DiaNat-DB = 1 (0.03%)
O=c1ccc2ccccc2o1,*c1ccc2ccc(=O)oc2c1,1,0.0256016385048643,146.036779432,1.793,2,0,11,DiaNat-DB,DiaNat-DB = 1 (0.03%)
CS(=O)CC(N)C=O,*C(=O)C(N)CS(C)=O,1,0.0256016385048643,135.035399528,-1.108899999999999,3,1,8,DiaNat-DB,DiaNat-DB = 1 (0.03%)
OCC1OCCCC1O,*C1OC(CO)C(O)C(*)C1*,1,0.0256016385048643,132.078644244,-0.4814000000000002,3,2,9,DiaNat-DB,DiaNat-DB = 1 (0.03%)
OCC12OC1CC1C=COCC12,*C1OC=CC2C(*)C3OC3(CO)C12,1,0.0256016385048643,168.078644244,0.2963,3,1,12,DiaNat-DB,DiaNat-DB = 1 (0.03%)
CCc1ccc(O)cc1,*CCc1ccc(O)cc1,1,0.0256016385048643,122.07316494,1.9546,1,1,9,DiaNat-DB,DiaNat-DB = 1 (0.03%)
C=CCS(=O)CC(N)C=O,*C(=O)C(N)CS(=O)CC=C,1,0.0256016385048643,161.051049592,-0.5527,3,1,10,DiaNat-DB,DiaNat-DB = 1 (0.03%)
CC1OCCC(O)C1O,*OC1C(C)OC(*)C(*)C1O*,1,0.0256016385048643,132.078644244,-0.483,3,2,9,DiaNat-DB,DiaNat-DB = 1 (0.03%)
CC1OCC(O)CC1O,*OC1C(*)OC(C)C(O*)C1*,1,0.0256016385048643,132.078644244,-0.483,3,2,9,DiaNat-DB,DiaNat-DB = 1 (0.03%)
CC1(C)O[C@]23[CH][C]1C[C@](O)[C@]2(C)[CH][C@](O)C[C@]3C,*C[C@]12[C@](O*)C[C]3[C@@](*)[C@]1(OC3(C)C)[C@](C)C[C@](O)[C@]2*,1,0.0256016385048643,248.1412445,2.734140000000001,3,2,18,DiaNat-DB,DiaNat-DB = 1 (0.03%)
CC1CC(O)C(O)CO1,*OC1C(*)OC(C)C(*)C1O*,1,0.0256016385048643,132.078644244,-0.4830000000000001,3,2,9,DiaNat-DB,DiaNat-DB = 1 (0.03%)
CC1CCC(O)CO1,*OC1C(*)OC(C)C(*)C1*,1,0.0256016385048643,116.083729624,0.5462,2,1,8,DiaNat-DB,DiaNat-DB = 1 (0.03%)
CC1OCCCC1O,*OC1C(C)OC(*)C(*)C1*,1,0.0256016385048643,116.083729624,0.5462,2,1,8,DiaNat-DB,DiaNat-DB = 1 (0.03%)
O=CCCc1ccc(O)c(O)c1,*C(=O)C(*)Cc1ccc(O)c(O)c1,1,0.0256016385048643,166.06299418,1.2292999999999998,3,2,12,DiaNat-DB,DiaNat-DB = 1 (0.03%)
CCNC(=N)N,*CCNC(=N)N,1,0.0256016385048643,87.07964728799999,-0.5106300000000001,1,3,6,DiaNat-DB,DiaNat-DB = 1 (0.03%)
OCCCO,*C(CO)CO,1,0.0256016385048643,76.052429496,-0.6389,2,2,5,DiaNat-DB,DiaNat-DB = 1 (0.03%)
O=c1ccoc2cccc(O)c12,*c1cc(O)c2c(=O)c(*)c(*)oc2c1,1,0.0256016385048643,162.031694052,1.4986,3,1,12,DiaNat-DB,DiaNat-DB = 1 (0.03%)
C[C]1O[C@]1(C)C=O,*C(=O)[C@@]1(C)O[C]1C,1,0.0256016385048643,99.044604464,0.52609,2,0,7,DiaNat-DB,DiaNat-DB = 1 (0.03%)
C=CC(C)(C)CCC,*CCC[C@@](C)(C=C)C*,1,0.0256016385048643,112.125200512,2.9987000000000013,0,0,8,DiaNat-DB,DiaNat-DB = 1 (0.03%)
COc1ccccc1,*c1ccc(*)c(OC)c1,1,0.0256016385048643,108.057514876,1.6952,1,0,8,DiaNat-DB,DiaNat-DB = 1 (0.03%)
Oc1ccc2c(c1)OCO2,*c1cc2c(cc1O)OCO2,1,0.0256016385048643,138.031694052,1.1208999999999998,3,1,10,DiaNat-DB,DiaNat-DB = 1 (0.03%)
O=C1C[C](O)CO1,*C1[C](O)COC1=O,1,0.0256016385048643,101.02386902,-0.16221,3,1,7,DiaNat-DB,DiaNat-DB = 1 (0.03%)
CN1CCC=C(C=O)C1,*C(=O)C1=CCCN(C)C1,1,0.0256016385048643,125.084063972,0.4472,2,0,9,DiaNat-DB,DiaNat-DB = 1 (0.03%)
CCc1cc2ccc(=O)oc2cc1O,*CCc1cc2cc(*)c(=O)oc2cc1O,1,0.0256016385048643,190.06299418,2.0610000000000004,3,1,14,DiaNat-DB,DiaNat-DB = 1 (0.03%)
O=CCc1ccc(O)cc1,*C(=O)Cc1ccc(O)cc1,1,0.0256016385048643,136.052429496,1.1336,2,1,10,DiaNat-DB,DiaNat-DB = 1 (0.03%)
COc1ccc2ccc(=O)oc2c1,*c1cc(OC)cc2oc(=O)cc(*)c12,1,0.0256016385048643,176.047344116,1.8016,3,0,13,DiaNat-DB,DiaNat-DB = 1 (0.03%)
C=CCSSC,*CSSCC=C,1,0.0256016385048643,120.006742256,2.1836,2,0,6,DiaNat-DB,DiaNat-DB = 1 (0.03%)
C=CCSC[C](N)C=O,*C(=O)[C](N)CSCC=C,1,0.0256016385048643,144.04830994,0.59519,3,1,9,DiaNat-DB,DiaNat-DB = 1 (0.03%)
C=CC(C)(O)CCC,*CCCC(C)(O)C=C,1,0.0256016385048643,114.104465068,1.7235,1,1,8,DiaNat-DB,DiaNat-DB = 1 (0.03%)
C=CCS(=O)CC,*CCS(=O)CC=C,1,0.0256016385048643,118.04523594,0.941,1,0,7,DiaNat-DB,DiaNat-DB = 1 (0.03%)
CCc1c(O)ccc2ccoc12,*CCc1c(O)ccc2cc(*)oc12,1,0.0256016385048643,162.06807956,2.700800000000001,2,1,12,DiaNat-DB,DiaNat-DB = 1 (0.03%)
O[C@]1[CH]CO[CH][C@]1O,*[C@]1CO[C@@](*)[C@](O)[C@]1O,1,0.0256016385048643,114.031694052,0.1916599999999999,3,2,8,DiaNat-DB,DiaNat-DB = 1 (0.03%)
CC=O,*CC=O,1,0.0256016385048643,44.026214748,0.2052,1,0,3,DiaNat-DB,DiaNat-DB = 1 (0.03%)
OCCc1ccc(O)c(O)c1,*OCCc1ccc(O)c(O)c1,1,0.0256016385048643,154.06299418,0.6325999999999998,3,3,11,DiaNat-DB,DiaNat-DB = 1 (0.03%)
C/C=C1/[CH]OC=C(C=O)[C]1CC=O,*C(=O)C[C@]1C(C(*)=O)=CO[C@](*)/C1=C/C,1,0.0256016385048643,178.06299418,1.37098,3,0,13,DiaNat-DB,DiaNat-DB = 1 (0.03%)
CCCCCCC(=O)O,*CCCCCCC(=O)O,1,0.0256016385048643,130.099379688,2.0414,1,1,9,DiaNat-DB,DiaNat-DB = 1 (0.03%)
CCCCCCC(=O)OC,*CCCCCCC(=O)OC,1,0.0256016385048643,144.115029752,2.1298000000000004,2,0,10,DiaNat-DB,DiaNat-DB = 1 (0.03%)
C[C](CC(C)=O)c1ccc(C)cc1,*CC(=O)C[C](C)c1ccc(C)cc1,1,0.0256016385048643,175.1122901,2.9166100000000013,1,0,13,DiaNat-DB,DiaNat-DB = 1 (0.03%)
Oc1ccccc1,*c1cc(*)cc(O)c1,1,0.0256016385048643,94.041864812,1.3922,1,1,7,DiaNat-DB,DiaNat-DB = 1 (0.03%)
Oc1ccc2ccc[o+]c2c1,*c1cc2c(*)cc(O)cc2[o+]c1*,1,0.0256016385048643,147.04405588409,2.4195,1,1,11,DiaNat-DB,DiaNat-DB = 1 (0.03%)
C[C@]1C[CH][C@](O)[C@](O)[C@@]1O,*[C@]1C[C@](C)[C@@](O)[C@](O)[C@]1O,1,0.0256016385048643,141.055169148,0.90225,3,3,10,DiaNat-DB,DiaNat-DB = 1 (0.03%)
C[C@]1C[CH][C@@](O)[C@](O)[C@@]1O,*C[C@]1C[C@@](*)[C@@](O)[C@](O)[C@@]1O,1,0.0256016385048643,141.055169148,0.90225,3,3,10,DiaNat-DB,DiaNat-DB = 1 (0.03%)
NC(C=O)CCC=O,*C(=O)CCC(N)C(*)=O,1,0.0256016385048643,115.063328528,-0.5083000000000002,3,1,8,DiaNat-DB,DiaNat-DB = 1 (0.03%)
C=C1CC1CC(N)C(=O)O,*NC(CC1CC1=C)C(=O)O,1,0.0256016385048643,141.078978592,0.3645000000000001,2,2,10,DiaNat-DB,DiaNat-DB = 1 (0.03%)
C=C1CC1CC(N)C=O,*NC(CC1CC1=C)C(*)=O,1,0.0256016385048643,125.084063972,0.4788,2,1,9,DiaNat-DB,DiaNat-DB = 1 (0.03%)
O=CCc1c[nH]c2ccccc12,*C(=O)Cc1c[nH]c2ccccc12,1,0.0256016385048643,159.068413908,1.9093,1,1,12,DiaNat-DB,DiaNat-DB = 1 (0.03%)
Cc1ccc([SH](=O)=O)cc1,*S(=O)(=O)c1ccc(C)cc1,1,0.0256016385048643,156.024500496,0.96532,2,1,10,DiaNat-DB,DiaNat-DB = 1 (0.03%)
C=C1CNCCCNCCCNC1,*N1CCCN(*)CC(=C)CN(*)CCC1,1,0.0256016385048643,183.173547672,0.1052000000000004,3,3,13,DiaNat-DB,DiaNat-DB = 1 (0.03%)
C=C1CNCCCN(Cc2ccccc2)CCCNC1,*N1CCCN(Cc2ccccc2)CCCN(*)CC(=C)C1,1,0.0256016385048643,273.220497864,2.0178000000000003,3,2,20,DiaNat-DB,DiaNat-DB = 1 (0.03%)
NC(CCC=O)C(=O)O,*C(=O)CCC(N)C(=O)O,1,0.0256016385048643,131.058243148,-0.6226000000000003,3,2,9,DiaNat-DB,DiaNat-DB = 1 (0.03%)
C=C1CC1CC(N)C=O,*C(=O)C(N)CC1CC1=C,1,0.0256016385048643,125.084063972,0.4788,2,1,9,DiaNat-DB,DiaNat-DB = 1 (0.03%)
C[C@H]1C[C](O)[C@]2(O)C=CO[CH][C]12,*[C@@]1(C)C[C@](O)[C@]2(O)C=CO[C@@](*)[C]12,1,0.0256016385048643,167.070819212,0.94197,3,2,12,DiaNat-DB,DiaNat-DB = 1 (0.03%)
CO[C]1C[C@H](C)[C]2[CH]OC=C[C@@]12O,*[C@@]1(C)C[C@](OC)[C@]2(O)C=CO[C@@](*)[C]12,1,0.0256016385048643,181.086469276,1.21587,3,1,13,DiaNat-DB,DiaNat-DB = 1 (0.03%)
CC(C)/C=C/CCCCC=O,*C(=O)CCCC/C=C/C(C)C,1,0.0256016385048643,154.135765196,2.9579000000000013,1,0,11,DiaNat-DB,DiaNat-DB = 1 (0.03%)
CCCCCC=O,*CCCCCC(*)=O,1,0.0256016385048643,100.088815004,1.7656,1,0,7,DiaNat-DB,DiaNat-DB = 1 (0.03%)
COc1cc(CN)ccc1O,*NCc1ccc(O)c(OC)c1,1,0.0256016385048643,153.078978592,0.8594999999999999,3,2,11,DiaNat-DB,DiaNat-DB = 1 (0.03%)
CCCCCC(=O)NCc1ccc(O)c(OC)c1,*CCCCCC(=O)NCc1ccc(O)c(OC)c1,1,0.0256016385048643,251.152143532,2.5973000000000006,3,2,18,DiaNat-DB,DiaNat-DB = 1 (0.03%)
CCN=C(N)N,*CCN=C(N)N,1,0.0256016385048643,87.07964728799999,-0.7202999999999999,1,2,6,DiaNat-DB,DiaNat-DB = 1 (0.03%)
CCCC,*C(C)CC,1,0.0256016385048643,58.07825032,1.8064,0,0,4,DiaNat-DB,DiaNat-DB = 1 (0.03%)
CC(O)(CC=O)CC=O,*C(=O)CC(C)(O)CC(*)=O,1,0.0256016385048643,130.06299418,-0.0846,3,1,9,DiaNat-DB,DiaNat-DB = 1 (0.03%)
CC(O)(CC=O)CC(=O)O,*C(=O)CC(C)(O)CC(=O)O,1,0.0256016385048643,146.0579088,-0.1989000000000001,3,2,10,DiaNat-DB,DiaNat-DB = 1 (0.03%)
CC1O[CH][CH]C(O)[C]1O,*[C@]1OC(C)[C@@](O)C(O)[C@]1*,1,0.0256016385048643,129.055169148,0.03657,3,2,9,DiaNat-DB,DiaNat-DB = 1 (0.03%)
Oc1cc(O)cc(O)c1,*c1c(O)cc(O)cc1O,1,0.0256016385048643,126.031694052,0.8033999999999999,3,3,9,DiaNat-DB,DiaNat-DB = 1 (0.03%)
CCC(C)C(N)C(=O)NC(C=O)CC(C)C,*C(=O)C(CC(C)C)NC(=O)C(N)C(C)CC,1,0.0256016385048643,228.183778008,1.089599999999999,3,2,16,DiaNat-DB,DiaNat-DB = 1 (0.03%)
CC(C)CC(C=O)NC(=O)C(N)CC(C)C,*C(=O)C(CC(C)C)NC(=O)C(N)CC(C)C,1,0.0256016385048643,228.183778008,1.0896,3,2,16,DiaNat-DB,DiaNat-DB = 1 (0.03%)
NC(C=O)CC(=O)O,*NC(CC(=O)O)C(*)=O,1,0.0256016385048643,117.042593084,-1.0127000000000002,3,2,8,DiaNat-DB,DiaNat-DB = 1 (0.03%)
NC(C=O)CC=O,*NC(CC(*)=O)C(*)=O,1,0.0256016385048643,101.047678464,-0.8984000000000001,3,1,7,DiaNat-DB,DiaNat-DB = 1 (0.03%)
NC(Cc1ccc(O)cc1)C(=O)O,*NC(Cc1ccc(O)cc1)C(=O)O,1,0.0256016385048643,181.073893212,0.3466,3,3,13,DiaNat-DB,DiaNat-DB = 1 (0.03%)
NCC(=O)NCC=O,*C(=O)CNC(=O)CN,1,0.0256016385048643,116.058577496,-1.7398000000000005,3,2,8,DiaNat-DB,DiaNat-DB = 1 (0.03%)
NCC(=O)NCC=O,*NCC(=O)NCC(*)=O,1,0.0256016385048643,116.058577496,-1.7398000000000005,3,2,8,DiaNat-DB,DiaNat-DB = 1 (0.03%)
NCC(=O)N1CCCC1C=O,*C(=O)C1CCCN1C(=O)CN,1,0.0256016385048643,156.089877624,-0.8650000000000002,3,1,11,DiaNat-DB,DiaNat-DB = 1 (0.03%)
CC(NC(=O)C1CCCN1)C(=O)O,*N1CCCC1C(=O)NC(C)C(=O)O,1,0.0256016385048643,186.100442308,-0.6722999999999997,3,3,13,DiaNat-DB,DiaNat-DB = 1 (0.03%)
CC(C=O)NC(=O)C1CCCN1,*C(=O)C(C)NC(=O)C1CCCN1*,1,0.0256016385048643,170.105527688,-0.558,3,2,12,DiaNat-DB,DiaNat-DB = 1 (0.03%)
NC(C=O)CC(=O)O,*C(=O)C(N)CC(=O)O,1,0.0256016385048643,117.042593084,-1.0127000000000002,3,2,8,DiaNat-DB,DiaNat-DB = 1 (0.03%)
NC(C=O)CC=O,*C(=O)CC(N)C(*)=O,1,0.0256016385048643,101.047678464,-0.8984000000000001,3,1,7,DiaNat-DB,DiaNat-DB = 1 (0.03%)
CCC(C)C(N)C=O,*NC(C(*)=O)C(C)CC,1,0.0256016385048643,115.099714036,0.5587000000000001,2,1,8,DiaNat-DB,DiaNat-DB = 1 (0.03%)
CCC(C)C(N)C(=O)N1CCCC1C=O,*C(=O)C1CCCN1C(=O)C(N)C(C)CC,1,0.0256016385048643,212.15247788,0.5496999999999996,3,1,15,DiaNat-DB,DiaNat-DB = 1 (0.03%)
CC(C)C(N)C=O,*C(=O)C(N)C(C)C,1,0.0256016385048643,101.084063972,0.1685999999999999,2,1,7,DiaNat-DB,DiaNat-DB = 1 (0.03%)
CC(C)C(N)C(=O)N1CCCC1C=O,*C(=O)C1CCCN1C(=O)C(N)C(C)C,1,0.0256016385048643,198.136827816,0.1595999999999995,3,1,14,DiaNat-DB,DiaNat-DB = 1 (0.03%)
CC(O)C(N)C=O,*C(=O)C(N)C(C)O,1,0.0256016385048643,103.063328528,-1.1065999999999998,3,2,7,DiaNat-DB,DiaNat-DB = 1 (0.03%)
NC(C=O)Cc1c[nH]cn1,*C(=O)C(N)Cc1c[nH]cn1,1,0.0256016385048643,139.074561908,-0.5216000000000007,3,2,10,DiaNat-DB,DiaNat-DB = 1 (0.03%)
NC(C=O)Cc1ccc(O)cc1,*C(=O)C(N)Cc1ccc(O)cc1,1,0.0256016385048643,165.078978592,0.4608999999999996,3,2,12,DiaNat-DB,DiaNat-DB = 1 (0.03%)
NC(C=O)Cc1ccccc1,*C(=O)C(N)Cc1ccccc1,1,0.0256016385048643,149.084063972,0.7552999999999994,2,1,11,DiaNat-DB,DiaNat-DB = 1 (0.03%)
NC(C=O)CS,*C(=O)C(N)CS,1,0.0256016385048643,105.024834844,-0.5576000000000003,3,2,6,DiaNat-DB,DiaNat-DB = 1 (0.03%)
NC(=O)CC(N)C=O,*NC(CC(N)=O)C(*)=O,1,0.0256016385048643,116.058577496,-1.6120000000000003,3,2,8,DiaNat-DB,DiaNat-DB = 1 (0.03%)
NC(Cc1ccccc1)C(=O)N1CCCC1C=O,*C(=O)C1CCCN1C(=O)C(N)Cc1ccccc1,1,0.0256016385048643,246.136827816,0.7462999999999997,3,1,18,DiaNat-DB,DiaNat-DB = 1 (0.03%)
NC(C=O)Cc1c[nH]c2ccccc12,*C(=O)C(N)Cc1c[nH]c2ccccc12,1,0.0256016385048643,188.094963004,1.2365999999999993,2,2,14,DiaNat-DB,DiaNat-DB = 1 (0.03%)
NC(Cc1c[nH]c2ccccc12)C(=O)N1CCCC1C=O,*C(=O)C1CCCN1C(=O)C(N)Cc1c[nH]c2ccccc12,1,0.0256016385048643,285.147726848,1.2276,3,2,21,DiaNat-DB,DiaNat-DB = 1 (0.03%)
O=CC1CCCN1,*C(=O)C1CCCN1,1,0.0256016385048643,99.068413908,-0.0626999999999999,2,1,7,DiaNat-DB,DiaNat-DB = 1 (0.03%)
O=CC1CCCN1C(=O)C1CCCN1,*C(=O)C1CCCN1C(=O)C1CCCN1,1,0.0256016385048643,196.121177752,-0.0717000000000002,3,1,14,DiaNat-DB,DiaNat-DB = 1 (0.03%)
CC(N)C=O,*C(=O)C(C)N,1,0.0256016385048643,73.052763844,-0.4675,2,1,5,DiaNat-DB,DiaNat-DB = 1 (0.03%)
CC(N)C(=O)N1CCCC1C=O,*C(=O)C1CCCN1C(=O)C(C)N,1,0.0256016385048643,170.105527688,-0.4764999999999999,3,1,12,DiaNat-DB,DiaNat-DB = 1 (0.03%)
CC(O)C(N)C=O,*NC(C(*)=O)C(C)O,1,0.0256016385048643,103.063328528,-1.1065999999999998,3,2,7,DiaNat-DB,DiaNat-DB = 1 (0.03%)
CC(C)CC(NC(=O)CN)C(=O)O,*NCC(=O)NC(CC(C)C)C(=O)O,1,0.0256016385048643,188.116092372,-0.4393999999999987,3,3,13,DiaNat-DB,DiaNat-DB = 1 (0.03%)
CC(C)[C](N)C(=O)N1CCC[C]1C=O,*C(=O)[C]1CCCN1C(=O)[C](N)C(C)C,1,0.0256016385048643,196.121177752,0.4863799999999998,3,1,14,DiaNat-DB,DiaNat-DB = 1 (0.03%)
CC1(C)Oc2ccccc2[C@](O)[C@]1O,*c1ccc2c(c1)[C@](O)[C@](O)C(C)(C)O2,1,0.0256016385048643,192.078644244,2.01468,3,2,14,DiaNat-DB,DiaNat-DB = 1 (0.03%)
CC1(C)Oc2ccccc2[C@](O)[C@@]1O,*c1ccc2c(c1)[C@](O)[C@@](O)C(C)(C)O2,1,0.0256016385048643,192.078644244,2.01468,3,2,14,DiaNat-DB,DiaNat-DB = 1 (0.03%)
CC1(C)Oc2ccccc2C[C]1O,*c1ccc2c(c1)C[C](O)C(C)(C)O2,1,0.0256016385048643,177.091554656,2.30459,2,1,13,DiaNat-DB,DiaNat-DB = 1 (0.03%)
CC(C)[C](N)C=O,*C(=O)[C](N)C(C)C,1,0.0256016385048643,100.07623894,0.3319900000000001,2,1,7,DiaNat-DB,DiaNat-DB = 1 (0.03%)
C[C](C)C(C)C,*C[C](C)C(C)C,1,0.0256016385048643,85.101725416,2.25669,0,0,6,DiaNat-DB,DiaNat-DB = 1 (0.03%)
CCCCC=O,*C(=O)CCCC,1,0.0256016385048643,86.07316494,1.3755,1,0,6,DiaNat-DB,DiaNat-DB = 1 (0.03%)
OCCO,*OCC(*)O,1,0.0256016385048643,62.036779432,-1.029,2,2,4,DiaNat-DB,DiaNat-DB = 1 (0.03%)
COC1C=CCC2C(C)COCC12,*C1(C)COCC2C(OC)C=CCC21,1,0.0256016385048643,182.130679816,1.86,2,0,13,DiaNat-DB,DiaNat-DB = 1 (0.03%)
CCO,*CC(*)O,1,0.0256016385048643,46.041864812,-0.0014,1,1,3,DiaNat-DB,DiaNat-DB = 1 (0.03%)
CCCCC(=O)OCCO,*C(O)COC(=O)CCCC,1,0.0256016385048643,146.094294308,0.7121,3,1,10,DiaNat-DB,DiaNat-DB = 1 (0.03%)
CCC=O,*CCC(*)=O,1,0.0256016385048643,58.041864812,0.5952999999999999,1,0,4,DiaNat-DB,DiaNat-DB = 1 (0.03%)
COCC(C)(/C(C)=C/C(C)O)c1ccc(C)o1,*CC(O)/C=C(\C)C(C)(COC)c1ccc(C)o1,1,0.0256016385048643,238.156894564,2.8192200000000014,3,1,17,DiaNat-DB,DiaNat-DB = 1 (0.03%)
CC(C)O,*CC(O)C*,1,0.0256016385048643,60.057514876,0.3871,1,1,4,DiaNat-DB,DiaNat-DB = 1 (0.03%)
CCC(C)(COC)c1ccc(C)o1,*C(C)C(C)(COC)c1ccc(C)o1,1,0.0256016385048643,182.130679816,2.902120000000002,2,0,13,DiaNat-DB,DiaNat-DB = 1 (0.03%)
CC(O)/C=C/CC=O,*CC(O)/C=C/CC(*)=O,1,0.0256016385048643,114.06807956,0.5124,2,1,8,DiaNat-DB,DiaNat-DB = 1 (0.03%)
CC(C)C[C](NC(=O)[C]1CCCN1)C(=O)O,*N1CCC[C]1C(=O)N[C](CC(C)C)C(=O)O,1,0.0256016385048643,226.131742436,0.6806799999999995,3,3,16,DiaNat-DB,DiaNat-DB = 1 (0.03%)
CC(C)C[C](C=O)NC(=O)[C]1CCCN1,*C(=O)[C](CC(C)C)NC(=O)[C]1CCCN1*,1,0.0256016385048643,210.136827816,0.7949799999999998,3,2,15,DiaNat-DB,DiaNat-DB = 1 (0.03%)
O=C(O)CNC(=O)C1CCCN1,*N1CCCC1C(=O)NCC(=O)O,1,0.0256016385048643,172.084792244,-1.0608,3,3,12,DiaNat-DB,DiaNat-DB = 1 (0.03%)
CCC(C)C(N)C(=O)NC(C)C=O,*C(=O)C(C)NC(=O)C(N)C(C)CC,1,0.0256016385048643,186.136827816,0.0633999999999996,3,2,13,DiaNat-DB,DiaNat-DB = 1 (0.03%)
CCOC,*CCOC,1,0.0256016385048643,60.057514876,0.6527000000000001,1,0,4,DiaNat-DB,DiaNat-DB = 1 (0.03%)
CCC1CC2=C(Cc3ccccc3O2)C(=O)C1CCO,*OCCC1C(=O)C2=C(CC1CC)Oc1ccccc1C2*,1,0.0256016385048643,272.1412445,2.873200000000001,3,1,20,DiaNat-DB,DiaNat-DB = 1 (0.03%)
O=C(/C=C/c1ccccc1)c1ccc(O)cc1O,*c1ccc(/C=C/C(=O)c2ccc(O)cc2O)cc1,1,0.0256016385048643,240.078644244,2.9939000000000013,3,2,18,DiaNat-DB,DiaNat-DB = 1 (0.03%)
O=C1C[C](c2ccccc2)Oc2cc(O)ccc21,*c1ccc([C]2CC(=O)c3ccc(O)cc3O2)cc1,1,0.0256016385048643,239.070819212,2.9376900000000017,3,1,18,DiaNat-DB,DiaNat-DB = 1 (0.03%)
OC[C@]1O[CH]C[CH][C@]1O,*O[C@]1[C@@](*)C[C@](*)O[C@]1CO,1,0.0256016385048643,128.047344116,0.2015599999999999,3,2,9,DiaNat-DB,DiaNat-DB = 1 (0.03%)
OC[C]1[CH][CH]C[CH]O1,*[C@]1C[C@@](*)[C@](*)[C@](CO)O1,1,0.0256016385048643,112.052429496,0.5013599999999999,2,1,8,DiaNat-DB,DiaNat-DB = 1 (0.03%)
COc1ccccc1OC,*c1ccc(OC)c(OC)c1,1,0.0256016385048643,138.06807956,1.7038,2,0,10,DiaNat-DB,DiaNat-DB = 1 (0.03%)
CCCCO,*OCCCC,1,0.0256016385048643,74.07316494,0.7787999999999999,1,1,5,DiaNat-DB,DiaNat-DB = 1 (0.03%)
CC(C)COC(=O)c1ccccc1C=O,*C(=O)c1ccccc1C(=O)OCC(C)C,1,0.0256016385048643,206.094294308,2.3119000000000005,3,0,15,DiaNat-DB,DiaNat-DB = 1 (0.03%)
CC(C)CO,*OCC(C)C,1,0.0256016385048643,74.07316494,0.6347,1,1,5,DiaNat-DB,DiaNat-DB = 1 (0.03%)
O=Cc1ccccc1C=O,*C(=O)c1ccccc1C(*)=O,1,0.0256016385048643,134.036779432,1.3116,2,0,10,DiaNat-DB,DiaNat-DB = 1 (0.03%)
CCCCOC(=O)c1ccccc1C=O,*C(=O)c1ccccc1C(=O)OCCCC,1,0.0256016385048643,206.094294308,2.4560000000000004,3,0,15,DiaNat-DB,DiaNat-DB = 1 (0.03%)
O=C1OCC2=C1C=CCC2,*C1OC(=O)C2=C1CCC=C2,1,0.0256016385048643,136.052429496,1.1898,2,0,10,DiaNat-DB,DiaNat-DB = 1 (0.03%)
O=C1OCc2ccccc21,*C1OC(=O)c2ccccc21,1,0.0256016385048643,134.036779432,1.357,2,0,10,DiaNat-DB,DiaNat-DB = 1 (0.03%)
C=CCc1ccccc1O,*c1ccc(O)c(CC=C)c1,1,0.0256016385048643,134.07316494,2.1207000000000007,1,1,10,DiaNat-DB,DiaNat-DB = 1 (0.03%)
COc1ccc(C(O)CNC(C)=O)cc1,*CC(=O)NCC(O)c1ccc(OC)cc1,1,0.0256016385048643,209.10519334,0.8646999999999999,3,2,15,DiaNat-DB,DiaNat-DB = 1 (0.03%)
CC1(C)[CH]Cc2cc3ccc(=O)oc3cc2O1,*[C]1Cc2cc3ccc(=O)oc3cc2OC1(C)C,1,0.0256016385048643,229.086469276,2.710790000000001,3,0,17,DiaNat-DB,DiaNat-DB = 1 (0.03%)
O[C@]1[CH][CH]OC[C@@]1O,*O[C@]1CO[C@](*)[C@@](*)[C@@]1O,1,0.0256016385048643,114.031694052,0.1916599999999999,3,2,8,DiaNat-DB,DiaNat-DB = 1 (0.03%)
COc1ccc(C(O)CN)cc1,*NCC(O)c1ccc(OC)cc1,1,0.0256016385048643,167.094628656,0.6873000000000002,3,2,12,DiaNat-DB,DiaNat-DB = 1 (0.03%)
OCC1(O)CCOC1,*C1OCC(O)(CO)C1*,1,0.0256016385048643,118.06299418,-0.8699000000000001,3,2,8,DiaNat-DB,DiaNat-DB = 1 (0.03%)
OCc1ccccc1,*C(O)c1ccccc1,1,0.0256016385048643,108.057514876,1.1789,1,1,8,DiaNat-DB,DiaNat-DB = 1 (0.03%)
COc1c(C(C)=O)ccc2occc12,*CC(=O)c1ccc2occc2c1OC,1,0.0256016385048643,190.06299418,2.644000000000001,3,0,14,DiaNat-DB,DiaNat-DB = 1 (0.03%)
O=Cc1cccnc1,*C(=O)c1cccnc1,1,0.0256016385048643,107.03711378,0.8940999999999999,2,0,8,DiaNat-DB,DiaNat-DB = 1 (0.03%)
O=C/C=C/c1ccccc1,*C(=O)/C(*)=C/c1ccccc1,1,0.0256016385048643,132.057514876,1.8987,1,0,10,DiaNat-DB,DiaNat-DB = 1 (0.03%)
CC=O,*C(=O)C(*)*,1,0.0256016385048643,44.026214748,0.2052,1,0,3,DiaNat-DB,DiaNat-DB = 1 (0.03%)
O=C(O)C=Cc1ccccc1,*/C(=C\c1ccccc1)C(=O)O,1,0.0256016385048643,148.052429496,1.7844,1,1,11,DiaNat-DB,DiaNat-DB = 1 (0.03%)
CC(=O)O,*C(*)C(=O)O,1,0.0256016385048643,60.021129368,0.0908999999999999,1,1,4,DiaNat-DB,DiaNat-DB = 1 (0.03%)
CCCCCCC[CH]O,*[C](O)CCCCCCC,1,0.0256016385048643,129.127940164,2.881190000000001,1,1,9,DiaNat-DB,DiaNat-DB = 1 (0.03%)
O/C=C/c1ccccc1,*O/C=C/c1ccccc1,1,0.0256016385048643,120.057514876,2.2153,1,1,9,DiaNat-DB,DiaNat-DB = 1 (0.03%)
CO,*CO*,1,0.0256016385048643,32.026214748,-0.3915,1,1,2,DiaNat-DB,DiaNat-DB = 1 (0.03%)
C=Cc1ccccc1,*C=Cc1ccccc1,1,0.0256016385048643,104.062600256,2.3296,0,0,8,DiaNat-DB,DiaNat-DB = 1 (0.03%)
COc1ccc(C(C)=O)c(OC)c1,*CC(=O)c1ccc(OC)cc1OC,1,0.0256016385048643,180.078644244,1.9064,3,0,13,DiaNat-DB,DiaNat-DB = 1 (0.03%)
COc1cc(/C=C/CO)cc(OC)c1,*c1c(OC)cc(/C=C/CO)cc1OC,1,0.0256016385048643,194.094294308,1.7093,3,1,14,DiaNat-DB,DiaNat-DB = 1 (0.03%)
COc1cc(C)cc(OC)c1,*Cc1cc(OC)c(*)c(OC)c1,1,0.0256016385048643,152.083729624,2.01222,2,0,11,DiaNat-DB,DiaNat-DB = 1 (0.03%)
COc1cccc(O)c1O,*c1ccc(OC)c(O)c1O,1,0.0256016385048643,140.047344116,1.1063999999999996,3,2,10,DiaNat-DB,DiaNat-DB = 1 (0.03%)
C=C1CC(O)C2[C@](C)(CCC[C@@]2(C)C=O)C1CCO,*C(=O)[C@]1(C)CCC[C@]2(C)C(CCO)C(=C)CC(O)C21,1,0.0256016385048643,266.188194692,2.317400000000001,3,2,19,DiaNat-DB,DiaNat-DB = 1 (0.03%)
CC=C(C)C=O,*C(=O)C(C)=CC,1,0.0256016385048643,84.057514876,1.1515,1,0,6,DiaNat-DB,DiaNat-DB = 1 (0.03%)
O=CC1C[C](O)CCN1,*C(=O)C1C[C](O)CCN1,1,0.0256016385048643,128.07115356,-0.1582100000000001,3,2,9,DiaNat-DB,DiaNat-DB = 1 (0.03%)
CCc1ccc(O)c2c(=O)ccoc12,*c1cc(=O)c2c(O)c(*)cc(CC)c2o1,1,0.0256016385048643,190.06299418,2.061,3,1,14,DiaNat-DB,DiaNat-DB = 1 (0.03%)
COc1cccc(OC)c1O,*c1cc(OC)c(O)c(OC)c1,1,0.0256016385048643,154.06299418,1.4093999999999998,3,1,11,DiaNat-DB,DiaNat-DB = 1 (0.03%)
N[C](C=O)Cc1c[nH]cn1,*C(=O)[C](N)Cc1c[nH]cn1,1,0.0256016385048643,138.066736876,-0.3582100000000003,3,2,10,DiaNat-DB,DiaNat-DB = 1 (0.03%)
N[C](C=O)CCC(N)=O,*N[C](CCC(N)=O)C(*)=O,1,0.0256016385048643,129.066402528,-1.0585100000000005,3,2,9,DiaNat-DB,DiaNat-DB = 1 (0.03%)
N[C](C=O)CCC(=O)O,*N[C](CCC(=O)O)C(*)=O,1,0.0256016385048643,130.050418116,-0.4592100000000004,3,2,9,DiaNat-DB,DiaNat-DB = 1 (0.03%)
N[C](C=O)CCC=O,*N[C](CCC(*)=O)C(*)=O,1,0.0256016385048643,114.055503496,-0.3449100000000002,3,1,8,DiaNat-DB,DiaNat-DB = 1 (0.03%)
O=C(O)[C]1CCCN1,*N1CCC[C]1C(=O)O,1,0.0256016385048643,114.055503496,-0.0136099999999998,2,2,8,DiaNat-DB,DiaNat-DB = 1 (0.03%)
N[C](C=O)CCC=O,*C(=O)CC[C](N)C(*)=O,1,0.0256016385048643,114.055503496,-0.3449100000000002,3,1,8,DiaNat-DB,DiaNat-DB = 1 (0.03%)
N[C](C=O)CCC(=O)O,*C(=O)[C](N)CCC(=O)O,1,0.0256016385048643,130.050418116,-0.4592100000000004,3,2,9,DiaNat-DB,DiaNat-DB = 1 (0.03%)
O=c1ccoc2ccccc12,*c1cc(=O)c2ccccc2o1,1,0.0256016385048643,146.036779432,1.793,2,0,11,DiaNat-DB,DiaNat-DB = 1 (0.03%)
O[C@]1[CH]OC[CH][C@]1O,*O[C@]1[C@@](*)OC[C@@](*)[C@]1O,1,0.0256016385048643,114.031694052,0.1916599999999999,3,2,8,DiaNat-DB,DiaNat-DB = 1 (0.03%)
CC1CCCO1,*C1CCC(C)O1,1,0.0256016385048643,86.07316494,1.1853,1,0,6,DiaNat-DB,DiaNat-DB = 1 (0.03%)
O=C/C=C/c1ccc(O)cc1,*C(=O)/C=C/c1ccc(O)c(*)c1,1,0.0256016385048643,148.052429496,1.6042999999999998,2,1,11,DiaNat-DB,DiaNat-DB = 1 (0.03%)
Cc1ccc(O)cc1,*Cc1ccc(O)c(*)c1,1,0.0256016385048643,108.057514876,1.7006199999999998,1,1,8,DiaNat-DB,DiaNat-DB = 1 (0.03%)
O[C@]1[CH][CH]OC[C@@]1O,*[C@]1OC[C@](O)[C@@](O)[C@@]1*,1,0.0256016385048643,114.031694052,0.1916599999999999,3,2,8,DiaNat-DB,DiaNat-DB = 1 (0.03%)
O[C]1[CH][CH]OC[CH]1,*[C@]1CO[C@](*)[C@@](*)[C@@]1O,1,0.0256016385048643,98.036779432,0.49146,2,1,7,DiaNat-DB,DiaNat-DB = 1 (0.03%)
CC1[CH]C(O)[C](O)[CH]O1,*[C@]1C(C)O[C@](*)[C@@](O)C1O,1,0.0256016385048643,129.055169148,0.0365699999999998,3,2,9,DiaNat-DB,DiaNat-DB = 1 (0.03%)
CC(=O)c1ccc(O)cc1,*CC(=O)c1ccc(O)cc1,1,0.0256016385048643,136.052429496,1.5948,2,1,10,DiaNat-DB,DiaNat-DB = 1 (0.03%)
